"PassengerId","Survived","Pclass","Sex","Age","SibSp","Parch","Fare","Embarked"
1,"N","3","M",22,1,0,7.25,"S"
2,"Y","1","F",38,1,0,71.2833,"C"
3,"Y","3","F",26,0,0,7.925,"S"
4,"Y","1","F",35,1,0,53.1,"S"
5,"N","3","M",35,0,0,8.05,"S"
7,"N","1","M",54,0,0,51.8625,"S"
8,"N","3","M",2,3,1,21.075,"S"
9,"Y","3","F",27,0,2,11.1333,"S"
10,"Y","2","F",14,1,0,30.0708,"C"
11,"Y","3","F",4,1,1,16.7,"S"
12,"Y","1","F",58,0,0,26.55,"S"
13,"N","3","M",20,0,0,8.05,"S"
14,"N","3","M",39,1,5,31.275,"S"
15,"N","3","F",14,0,0,7.8542,"S"
16,"Y","2","F",55,0,0,16,"S"
17,"N","3","M",2,4,1,29.125,"Q"
19,"N","3","F",31,1,0,18,"S"
21,"N","2","M",35,0,0,26,"S"
22,"Y","2","M",34,0,0,13,"S"
23,"Y","3","F",15,0,0,8.0292,"Q"
24,"Y","1","M",28,0,0,35.5,"S"
25,"N","3","F",8,3,1,21.075,"S"
26,"Y","3","F",38,1,5,31.3875,"S"
28,"N","1","M",19,3,2,263,"S"
31,"N","1","M",40,0,0,27.7208,"C"
34,"N","2","M",66,0,0,10.5,"S"
35,"N","1","M",28,1,0,82.1708,"C"
36,"N","1","M",42,1,0,52,"S"
38,"N","3","M",21,0,0,8.05,"S"
39,"N","3","F",18,2,0,18,"S"
40,"Y","3","F",14,1,0,11.2417,"C"
41,"N","3","F",40,1,0,9.475,"S"
42,"N","2","F",27,1,0,21,"S"
44,"Y","2","F",3,1,2,41.5792,"C"
45,"Y","3","F",19,0,0,7.8792,"Q"
50,"N","3","F",18,1,0,17.8,"S"
51,"N","3","M",7,4,1,39.6875,"S"
52,"N","3","M",21,0,0,7.8,"S"
53,"Y","1","F",49,1,0,76.7292,"C"
54,"Y","2","F",29,1,0,26,"S"
55,"N","1","M",65,0,1,61.9792,"C"
57,"Y","2","F",21,0,0,10.5,"S"
58,"N","3","M",28.5,0,0,7.2292,"C"
59,"Y","2","F",5,1,2,27.75,"S"
60,"N","3","M",11,5,2,46.9,"S"
61,"N","3","M",22,0,0,7.2292,"C"
62,"Y","1","F",38,0,0,80,""
63,"N","1","M",45,1,0,83.475,"S"
64,"N","3","M",4,3,2,27.9,"S"
67,"Y","2","F",29,0,0,10.5,"S"
68,"N","3","M",19,0,0,8.1583,"S"
69,"Y","3","F",17,4,2,7.925,"S"
70,"N","3","M",26,2,0,8.6625,"S"
71,"N","2","M",32,0,0,10.5,"S"
72,"N","3","F",16,5,2,46.9,"S"
73,"N","2","M",21,0,0,73.5,"S"
74,"N","3","M",26,1,0,14.4542,"C"
75,"Y","3","M",32,0,0,56.4958,"S"
76,"N","3","M",25,0,0,7.65,"S"
79,"Y","2","M",0.83,0,2,29,"S"
80,"Y","3","F",30,0,0,12.475,"S"
81,"N","3","M",22,0,0,9,"S"
82,"Y","3","M",29,0,0,9.5,"S"
84,"N","1","M",28,0,0,47.1,"S"
85,"Y","2","F",17,0,0,10.5,"S"
86,"Y","3","F",33,3,0,15.85,"S"
87,"N","3","M",16,1,3,34.375,"S"
89,"Y","1","F",23,3,2,263,"S"
90,"N","3","M",24,0,0,8.05,"S"
91,"N","3","M",29,0,0,8.05,"S"
92,"N","3","M",20,0,0,7.8542,"S"
93,"N","1","M",46,1,0,61.175,"S"
94,"N","3","M",26,1,2,20.575,"S"
95,"N","3","M",59,0,0,7.25,"S"
97,"N","1","M",71,0,0,34.6542,"C"
98,"Y","1","M",23,0,1,63.3583,"C"
99,"Y","2","F",34,0,1,23,"S"
100,"N","2","M",34,1,0,26,"S"
101,"N","3","F",28,0,0,7.8958,"S"
103,"N","1","M",21,0,1,77.2875,"S"
104,"N","3","M",33,0,0,8.6542,"S"
105,"N","3","M",37,2,0,7.925,"S"
106,"N","3","M",28,0,0,7.8958,"S"
107,"Y","3","F",21,0,0,7.65,"S"
109,"N","3","M",38,0,0,7.8958,"S"
111,"N","1","M",47,0,0,52,"S"
112,"N","3","F",14.5,1,0,14.4542,"C"
113,"N","3","M",22,0,0,8.05,"S"
114,"N","3","F",20,1,0,9.825,"S"
115,"N","3","F",17,0,0,14.4583,"C"
116,"N","3","M",21,0,0,7.925,"S"
117,"N","3","M",70.5,0,0,7.75,"Q"
118,"N","2","M",29,1,0,21,"S"
119,"N","1","M",24,0,1,247.5208,"C"
120,"N","3","F",2,4,2,31.275,"S"
121,"N","2","M",21,2,0,73.5,"S"
123,"N","2","M",32.5,1,0,30.0708,"C"
124,"Y","2","F",32.5,0,0,13,"S"
125,"N","1","M",54,0,1,77.2875,"S"
126,"Y","3","M",12,1,0,11.2417,"C"
128,"Y","3","M",24,0,0,7.1417,"S"
130,"N","3","M",45,0,0,6.975,"S"
131,"N","3","M",33,0,0,7.8958,"C"
132,"N","3","M",20,0,0,7.05,"S"
133,"N","3","F",47,1,0,14.5,"S"
134,"Y","2","F",29,1,0,26,"S"
135,"N","2","M",25,0,0,13,"S"
136,"N","2","M",23,0,0,15.0458,"C"
137,"Y","1","F",19,0,2,26.2833,"S"
138,"N","1","M",37,1,0,53.1,"S"
139,"N","3","M",16,0,0,9.2167,"S"
140,"N","1","M",24,0,0,79.2,"C"
142,"Y","3","F",22,0,0,7.75,"S"
143,"Y","3","F",24,1,0,15.85,"S"
144,"N","3","M",19,0,0,6.75,"Q"
145,"N","2","M",18,0,0,11.5,"S"
146,"N","2","M",19,1,1,36.75,"S"
147,"Y","3","M",27,0,0,7.7958,"S"
148,"N","3","F",9,2,2,34.375,"S"
149,"N","2","M",36.5,0,2,26,"S"
150,"N","2","M",42,0,0,13,"S"
151,"N","2","M",51,0,0,12.525,"S"
152,"Y","1","F",22,1,0,66.6,"S"
153,"N","3","M",55.5,0,0,8.05,"S"
154,"N","3","M",40.5,0,2,14.5,"S"
156,"N","1","M",51,0,1,61.3792,"C"
157,"Y","3","F",16,0,0,7.7333,"Q"
158,"N","3","M",30,0,0,8.05,"S"
161,"N","3","M",44,0,1,16.1,"S"
162,"Y","2","F",40,0,0,15.75,"S"
163,"N","3","M",26,0,0,7.775,"S"
164,"N","3","M",17,0,0,8.6625,"S"
165,"N","3","M",1,4,1,39.6875,"S"
166,"Y","3","M",9,0,2,20.525,"S"
168,"N","3","F",45,1,4,27.9,"S"
170,"N","3","M",28,0,0,56.4958,"S"
171,"N","1","M",61,0,0,33.5,"S"
172,"N","3","M",4,4,1,29.125,"Q"
173,"Y","3","F",1,1,1,11.1333,"S"
174,"N","3","M",21,0,0,7.925,"S"
175,"N","1","M",56,0,0,30.6958,"C"
176,"N","3","M",18,1,1,7.8542,"S"
178,"N","1","F",50,0,0,28.7125,"C"
179,"N","2","M",30,0,0,13,"S"
180,"N","3","M",36,0,0,0,"S"
183,"N","3","M",9,4,2,31.3875,"S"
184,"Y","2","M",1,2,1,39,"S"
185,"Y","3","F",4,0,2,22.025,"S"
188,"Y","1","M",45,0,0,26.55,"S"
189,"N","3","M",40,1,1,15.5,"Q"
190,"N","3","M",36,0,0,7.8958,"S"
191,"Y","2","F",32,0,0,13,"S"
192,"N","2","M",19,0,0,13,"S"
193,"Y","3","F",19,1,0,7.8542,"S"
194,"Y","2","M",3,1,1,26,"S"
195,"Y","1","F",44,0,0,27.7208,"C"
196,"Y","1","F",58,0,0,146.5208,"C"
198,"N","3","M",42,0,1,8.4042,"S"
200,"N","2","F",24,0,0,13,"S"
201,"N","3","M",28,0,0,9.5,"S"
203,"N","3","M",34,0,0,6.4958,"S"
204,"N","3","M",45.5,0,0,7.225,"C"
205,"Y","3","M",18,0,0,8.05,"S"
206,"N","3","F",2,0,1,10.4625,"S"
207,"N","3","M",32,1,0,15.85,"S"
208,"Y","3","M",26,0,0,18.7875,"C"
209,"Y","3","F",16,0,0,7.75,"Q"
210,"Y","1","M",40,0,0,31,"C"
211,"N","3","M",24,0,0,7.05,"S"
212,"Y","2","F",35,0,0,21,"S"
213,"N","3","M",22,0,0,7.25,"S"
214,"N","2","M",30,0,0,13,"S"
216,"Y","1","F",31,1,0,113.275,"C"
217,"Y","3","F",27,0,0,7.925,"S"
218,"N","2","M",42,1,0,27,"S"
219,"Y","1","F",32,0,0,76.2917,"C"
220,"N","2","M",30,0,0,10.5,"S"
221,"Y","3","M",16,0,0,8.05,"S"
222,"N","2","M",27,0,0,13,"S"
223,"N","3","M",51,0,0,8.05,"S"
225,"Y","1","M",38,1,0,90,"S"
226,"N","3","M",22,0,0,9.35,"S"
227,"Y","2","M",19,0,0,10.5,"S"
228,"N","3","M",20.5,0,0,7.25,"S"
229,"N","2","M",18,0,0,13,"S"
231,"Y","1","F",35,1,0,83.475,"S"
232,"N","3","M",29,0,0,7.775,"S"
233,"N","2","M",59,0,0,13.5,"S"
234,"Y","3","F",5,4,2,31.3875,"S"
235,"N","2","M",24,0,0,10.5,"S"
237,"N","2","M",44,1,0,26,"S"
238,"Y","2","F",8,0,2,26.25,"S"
239,"N","2","M",19,0,0,10.5,"S"
240,"N","2","M",33,0,0,12.275,"S"
243,"N","2","M",29,0,0,10.5,"S"
244,"N","3","M",22,0,0,7.125,"S"
245,"N","3","M",30,0,0,7.225,"C"
246,"N","1","M",44,2,0,90,"Q"
247,"N","3","F",25,0,0,7.775,"S"
248,"Y","2","F",24,0,2,14.5,"S"
249,"Y","1","M",37,1,1,52.5542,"S"
250,"N","2","M",54,1,0,26,"S"
252,"N","3","F",29,1,1,10.4625,"S"
253,"N","1","M",62,0,0,26.55,"S"
254,"N","3","M",30,1,0,16.1,"S"
255,"N","3","F",41,0,2,20.2125,"S"
256,"Y","3","F",29,0,2,15.2458,"C"
258,"Y","1","F",30,0,0,86.5,"S"
259,"Y","1","F",35,0,0,512.3292,"C"
260,"Y","2","F",50,0,1,26,"S"
262,"Y","3","M",3,4,2,31.3875,"S"
263,"N","1","M",52,1,1,79.65,"S"
264,"N","1","M",40,0,0,0,"S"
266,"N","2","M",36,0,0,10.5,"S"
267,"N","3","M",16,4,1,39.6875,"S"
268,"Y","3","M",25,1,0,7.775,"S"
269,"Y","1","F",58,0,1,153.4625,"S"
270,"Y","1","F",35,0,0,135.6333,"S"
272,"Y","3","M",25,0,0,0,"S"
273,"Y","2","F",41,0,1,19.5,"S"
274,"N","1","M",37,0,1,29.7,"C"
276,"Y","1","F",63,1,0,77.9583,"S"
277,"N","3","F",45,0,0,7.75,"S"
279,"N","3","M",7,4,1,29.125,"Q"
280,"Y","3","F",35,1,1,20.25,"S"
281,"N","3","M",65,0,0,7.75,"Q"
282,"N","3","M",28,0,0,7.8542,"S"
283,"N","3","M",16,0,0,9.5,"S"
284,"Y","3","M",19,0,0,8.05,"S"
286,"N","3","M",33,0,0,8.6625,"C"
287,"Y","3","M",30,0,0,9.5,"S"
288,"N","3","M",22,0,0,7.8958,"S"
289,"Y","2","M",42,0,0,13,"S"
290,"Y","3","F",22,0,0,7.75,"Q"
291,"Y","1","F",26,0,0,78.85,"S"
292,"Y","1","F",19,1,0,91.0792,"C"
293,"N","2","M",36,0,0,12.875,"C"
294,"N","3","F",24,0,0,8.85,"S"
295,"N","3","M",24,0,0,7.8958,"S"
297,"N","3","M",23.5,0,0,7.2292,"C"
298,"N","1","F",2,1,2,151.55,"S"
300,"Y","1","F",50,0,1,247.5208,"C"
303,"N","3","M",19,0,0,0,"S"
306,"Y","1","M",0.92,1,2,151.55,"S"
308,"Y","1","F",17,1,0,108.9,"C"
309,"N","2","M",30,1,0,24,"C"
310,"Y","1","F",30,0,0,56.9292,"C"
311,"Y","1","F",24,0,0,83.1583,"C"
312,"Y","1","F",18,2,2,262.375,"C"
313,"N","2","F",26,1,1,26,"S"
314,"N","3","M",28,0,0,7.8958,"S"
315,"N","2","M",43,1,1,26.25,"S"
316,"Y","3","F",26,0,0,7.8542,"S"
317,"Y","2","F",24,1,0,26,"S"
318,"N","2","M",54,0,0,14,"S"
319,"Y","1","F",31,0,2,164.8667,"S"
320,"Y","1","F",40,1,1,134.5,"C"
321,"N","3","M",22,0,0,7.25,"S"
322,"N","3","M",27,0,0,7.8958,"S"
323,"Y","2","F",30,0,0,12.35,"Q"
324,"Y","2","F",22,1,1,29,"S"
326,"Y","1","F",36,0,0,135.6333,"C"
327,"N","3","M",61,0,0,6.2375,"S"
328,"Y","2","F",36,0,0,13,"S"
329,"Y","3","F",31,1,1,20.525,"S"
330,"Y","1","F",16,0,1,57.9792,"C"
332,"N","1","M",45.5,0,0,28.5,"S"
333,"N","1","M",38,0,1,153.4625,"S"
334,"N","3","M",16,2,0,18,"S"
337,"N","1","M",29,1,0,66.6,"S"
338,"Y","1","F",41,0,0,134.5,"C"
339,"Y","3","M",45,0,0,8.05,"S"
340,"N","1","M",45,0,0,35.5,"S"
341,"Y","2","M",2,1,1,26,"S"
342,"Y","1","F",24,3,2,263,"S"
343,"N","2","M",28,0,0,13,"S"
344,"N","2","M",25,0,0,13,"S"
345,"N","2","M",36,0,0,13,"S"
346,"Y","2","F",24,0,0,13,"S"
347,"Y","2","F",40,0,0,13,"S"
349,"Y","3","M",3,1,1,15.9,"S"
350,"N","3","M",42,0,0,8.6625,"S"
351,"N","3","M",23,0,0,9.225,"S"
353,"N","3","M",15,1,1,7.2292,"C"
354,"N","3","M",25,1,0,17.8,"S"
356,"N","3","M",28,0,0,9.5,"S"
357,"Y","1","F",22,0,1,55,"S"
358,"N","2","F",38,0,0,13,"S"
361,"N","3","M",40,1,4,27.9,"S"
362,"N","2","M",29,1,0,27.7208,"C"
363,"N","3","F",45,0,1,14.4542,"C"
364,"N","3","M",35,0,0,7.05,"S"
366,"N","3","M",30,0,0,7.25,"S"
367,"Y","1","F",60,1,0,75.25,"C"
370,"Y","1","F",24,0,0,69.3,"C"
371,"Y","1","M",25,1,0,55.4417,"C"
372,"N","3","M",18,1,0,6.4958,"S"
373,"N","3","M",19,0,0,8.05,"S"
374,"N","1","M",22,0,0,135.6333,"C"
375,"N","3","F",3,3,1,21.075,"S"
377,"Y","3","F",22,0,0,7.25,"S"
378,"N","1","M",27,0,2,211.5,"C"
379,"N","3","M",20,0,0,4.0125,"C"
380,"N","3","M",19,0,0,7.775,"S"
381,"Y","1","F",42,0,0,227.525,"C"
382,"Y","3","F",1,0,2,15.7417,"C"
383,"N","3","M",32,0,0,7.925,"S"
384,"Y","1","F",35,1,0,52,"S"
386,"N","2","M",18,0,0,73.5,"S"
387,"N","3","M",1,5,2,46.9,"S"
388,"Y","2","F",36,0,0,13,"S"
390,"Y","2","F",17,0,0,12,"C"
391,"Y","1","M",36,1,2,120,"S"
392,"Y","3","M",21,0,0,7.7958,"S"
393,"N","3","M",28,2,0,7.925,"S"
394,"Y","1","F",23,1,0,113.275,"C"
395,"Y","3","F",24,0,2,16.7,"S"
396,"N","3","M",22,0,0,7.7958,"S"
397,"N","3","F",31,0,0,7.8542,"S"
398,"N","2","M",46,0,0,26,"S"
399,"N","2","M",23,0,0,10.5,"S"
400,"Y","2","F",28,0,0,12.65,"S"
401,"Y","3","M",39,0,0,7.925,"S"
402,"N","3","M",26,0,0,8.05,"S"
403,"N","3","F",21,1,0,9.825,"S"
404,"N","3","M",28,1,0,15.85,"S"
405,"N","3","F",20,0,0,8.6625,"S"
406,"N","2","M",34,1,0,21,"S"
407,"N","3","M",51,0,0,7.75,"S"
408,"Y","2","M",3,1,1,18.75,"S"
409,"N","3","M",21,0,0,7.775,"S"
413,"Y","1","F",33,1,0,90,"Q"
415,"Y","3","M",44,0,0,7.925,"S"
417,"Y","2","F",34,1,1,32.5,"S"
418,"Y","2","F",18,0,2,13,"S"
419,"N","2","M",30,0,0,13,"S"
420,"N","3","F",10,0,2,24.15,"S"
422,"N","3","M",21,0,0,7.7333,"Q"
423,"N","3","M",29,0,0,7.875,"S"
424,"N","3","F",28,1,1,14.4,"S"
425,"N","3","M",18,1,1,20.2125,"S"
427,"Y","2","F",28,1,0,26,"S"
428,"Y","2","F",19,0,0,26,"S"
430,"Y","3","M",32,0,0,8.05,"S"
431,"Y","1","M",28,0,0,26.55,"S"
433,"Y","2","F",42,1,0,26,"S"
434,"N","3","M",17,0,0,7.125,"S"
435,"N","1","M",50,1,0,55.9,"S"
436,"Y","1","F",14,1,2,120,"S"
437,"N","3","F",21,2,2,34.375,"S"
438,"Y","2","F",24,2,3,18.75,"S"
439,"N","1","M",64,1,4,263,"S"
440,"N","2","M",31,0,0,10.5,"S"
441,"Y","2","F",45,1,1,26.25,"S"
442,"N","3","M",20,0,0,9.5,"S"
443,"N","3","M",25,1,0,7.775,"S"
444,"Y","2","F",28,0,0,13,"S"
446,"Y","1","M",4,0,2,81.8583,"S"
447,"Y","2","F",13,0,1,19.5,"S"
448,"Y","1","M",34,0,0,26.55,"S"
449,"Y","3","F",5,2,1,19.2583,"C"
450,"Y","1","M",52,0,0,30.5,"S"
451,"N","2","M",36,1,2,27.75,"S"
453,"N","1","M",30,0,0,27.75,"C"
454,"Y","1","M",49,1,0,89.1042,"C"
456,"Y","3","M",29,0,0,7.8958,"C"
457,"N","1","M",65,0,0,26.55,"S"
459,"Y","2","F",50,0,0,10.5,"S"
461,"Y","1","M",48,0,0,26.55,"S"
462,"N","3","M",34,0,0,8.05,"S"
463,"N","1","M",47,0,0,38.5,"S"
464,"N","2","M",48,0,0,13,"S"
466,"N","3","M",38,0,0,7.05,"S"
468,"N","1","M",56,0,0,26.55,"S"
470,"Y","3","F",0.75,2,1,19.2583,"C"
472,"N","3","M",38,0,0,8.6625,"S"
473,"Y","2","F",33,1,2,27.75,"S"
474,"Y","2","F",23,0,0,13.7917,"C"
475,"N","3","F",22,0,0,9.8375,"S"
477,"N","2","M",34,1,0,21,"S"
478,"N","3","M",29,1,0,7.0458,"S"
479,"N","3","M",22,0,0,7.5208,"S"
480,"Y","3","F",2,0,1,12.2875,"S"
481,"N","3","M",9,5,2,46.9,"S"
483,"N","3","M",50,0,0,8.05,"S"
484,"Y","3","F",63,0,0,9.5875,"S"
485,"Y","1","M",25,1,0,91.0792,"C"
487,"Y","1","F",35,1,0,90,"S"
488,"N","1","M",58,0,0,29.7,"C"
489,"N","3","M",30,0,0,8.05,"S"
490,"Y","3","M",9,1,1,15.9,"S"
492,"N","3","M",21,0,0,7.25,"S"
493,"N","1","M",55,0,0,30.5,"S"
494,"N","1","M",71,0,0,49.5042,"C"
495,"N","3","M",21,0,0,8.05,"S"
497,"Y","1","F",54,1,0,78.2667,"C"
499,"N","1","F",25,1,2,151.55,"S"
500,"N","3","M",24,0,0,7.7958,"S"
501,"N","3","M",17,0,0,8.6625,"S"
502,"N","3","F",21,0,0,7.75,"Q"
504,"N","3","F",37,0,0,9.5875,"S"
505,"Y","1","F",16,0,0,86.5,"S"
506,"N","1","M",18,1,0,108.9,"C"
507,"Y","2","F",33,0,2,26,"S"
509,"N","3","M",28,0,0,22.525,"S"
510,"Y","3","M",26,0,0,56.4958,"S"
511,"Y","3","M",29,0,0,7.75,"Q"
513,"Y","1","M",36,0,0,26.2875,"S"
514,"Y","1","F",54,1,0,59.4,"C"
515,"N","3","M",24,0,0,7.4958,"S"
516,"N","1","M",47,0,0,34.0208,"S"
517,"Y","2","F",34,0,0,10.5,"S"
519,"Y","2","F",36,1,0,26,"S"
520,"N","3","M",32,0,0,7.8958,"S"
521,"Y","1","F",30,0,0,93.5,"S"
522,"N","3","M",22,0,0,7.8958,"S"
524,"Y","1","F",44,0,1,57.9792,"C"
526,"N","3","M",40.5,0,0,7.75,"Q"
527,"Y","2","F",50,0,0,10.5,"S"
529,"N","3","M",39,0,0,7.925,"S"
530,"N","2","M",23,2,1,11.5,"S"
531,"Y","2","F",2,1,1,26,"S"
533,"N","3","M",17,1,1,7.2292,"C"
535,"N","3","F",30,0,0,8.6625,"S"
536,"Y","2","F",7,0,2,26.25,"S"
537,"N","1","M",45,0,0,26.55,"S"
538,"Y","1","F",30,0,0,106.425,"C"
540,"Y","1","F",22,0,2,49.5,"C"
541,"Y","1","F",36,0,2,71,"S"
542,"N","3","F",9,4,2,31.275,"S"
543,"N","3","F",11,4,2,31.275,"S"
544,"Y","2","M",32,1,0,26,"S"
545,"N","1","M",50,1,0,106.425,"C"
546,"N","1","M",64,0,0,26,"S"
547,"Y","2","F",19,1,0,26,"S"
549,"N","3","M",33,1,1,20.525,"S"
550,"Y","2","M",8,1,1,36.75,"S"
551,"Y","1","M",17,0,2,110.8833,"C"
552,"N","2","M",27,0,0,26,"S"
554,"Y","3","M",22,0,0,7.225,"C"
555,"Y","3","F",22,0,0,7.775,"S"
556,"N","1","M",62,0,0,26.55,"S"
557,"Y","1","F",48,1,0,39.6,"C"
559,"Y","1","F",39,1,1,79.65,"S"
560,"Y","3","F",36,1,0,17.4,"S"
562,"N","3","M",40,0,0,7.8958,"S"
563,"N","2","M",28,0,0,13.5,"S"
566,"N","3","M",24,2,0,24.15,"S"
567,"N","3","M",19,0,0,7.8958,"S"
568,"N","3","F",29,0,4,21.075,"S"
570,"Y","3","M",32,0,0,7.8542,"S"
571,"Y","2","M",62,0,0,10.5,"S"
572,"Y","1","F",53,2,0,51.4792,"S"
573,"Y","1","M",36,0,0,26.3875,"S"
575,"N","3","M",16,0,0,8.05,"S"
576,"N","3","M",19,0,0,14.5,"S"
577,"Y","2","F",34,0,0,13,"S"
578,"Y","1","F",39,1,0,55.9,"S"
580,"Y","3","M",32,0,0,7.925,"S"
581,"Y","2","F",25,1,1,30,"S"
582,"Y","1","F",39,1,1,110.8833,"C"
583,"N","2","M",54,0,0,26,"S"
584,"N","1","M",36,0,0,40.125,"C"
586,"Y","1","F",18,0,2,79.65,"S"
587,"N","2","M",47,0,0,15,"S"
588,"Y","1","M",60,1,1,79.2,"C"
589,"N","3","M",22,0,0,8.05,"S"
591,"N","3","M",35,0,0,7.125,"S"
592,"Y","1","F",52,1,0,78.2667,"C"
593,"N","3","M",47,0,0,7.25,"S"
595,"N","2","M",37,1,0,26,"S"
596,"N","3","M",36,1,1,24.15,"S"
598,"N","3","M",49,0,0,0,"S"
600,"Y","1","M",49,1,0,56.9292,"C"
601,"Y","2","F",24,2,1,27,"S"
604,"N","3","M",44,0,0,8.05,"S"
605,"Y","1","M",35,0,0,26.55,"C"
606,"N","3","M",36,1,0,15.55,"S"
607,"N","3","M",30,0,0,7.8958,"S"
608,"Y","1","M",27,0,0,30.5,"S"
609,"Y","2","F",22,1,2,41.5792,"C"
610,"Y","1","F",40,0,0,153.4625,"S"
611,"N","3","F",39,1,5,31.275,"S"
615,"N","3","M",35,0,0,8.05,"S"
616,"Y","2","F",24,1,2,65,"S"
617,"N","3","M",34,1,1,14.4,"S"
618,"N","3","F",26,1,0,16.1,"S"
619,"Y","2","F",4,2,1,39,"S"
620,"N","2","M",26,0,0,10.5,"S"
621,"N","3","M",27,1,0,14.4542,"C"
622,"Y","1","M",42,1,0,52.5542,"S"
623,"Y","3","M",20,1,1,15.7417,"C"
624,"N","3","M",21,0,0,7.8542,"S"
625,"N","3","M",21,0,0,16.1,"S"
626,"N","1","M",61,0,0,32.3208,"S"
627,"N","2","M",57,0,0,12.35,"Q"
628,"Y","1","F",21,0,0,77.9583,"S"
629,"N","3","M",26,0,0,7.8958,"S"
631,"Y","1","M",80,0,0,30,"S"
632,"N","3","M",51,0,0,7.0542,"S"
633,"Y","1","M",32,0,0,30.5,"C"
635,"N","3","F",9,3,2,27.9,"S"
636,"Y","2","F",28,0,0,13,"S"
637,"N","3","M",32,0,0,7.925,"S"
638,"N","2","M",31,1,1,26.25,"S"
639,"N","3","F",41,0,5,39.6875,"S"
641,"N","3","M",20,0,0,7.8542,"S"
642,"Y","1","F",24,0,0,69.3,"C"
643,"N","3","F",2,3,2,27.9,"S"
645,"Y","3","F",0.75,2,1,19.2583,"C"
646,"Y","1","M",48,1,0,76.7292,"C"
647,"N","3","M",19,0,0,7.8958,"S"
648,"Y","1","M",56,0,0,35.5,"C"
650,"Y","3","F",23,0,0,7.55,"S"
652,"Y","2","F",18,0,1,23,"S"
653,"N","3","M",21,0,0,8.4333,"S"
655,"N","3","F",18,0,0,6.75,"Q"
656,"N","2","M",24,2,0,73.5,"S"
658,"N","3","F",32,1,1,15.5,"Q"
659,"N","2","M",23,0,0,13,"S"
660,"N","1","M",58,0,2,113.275,"C"
661,"Y","1","M",50,2,0,133.65,"S"
662,"N","3","M",40,0,0,7.225,"C"
663,"N","1","M",47,0,0,25.5875,"S"
664,"N","3","M",36,0,0,7.4958,"S"
665,"Y","3","M",20,1,0,7.925,"S"
666,"N","2","M",32,2,0,73.5,"S"
667,"N","2","M",25,0,0,13,"S"
669,"N","3","M",43,0,0,8.05,"S"
671,"Y","2","F",40,1,1,39,"S"
672,"N","1","M",31,1,0,52,"S"
673,"N","2","M",70,0,0,10.5,"S"
674,"Y","2","M",31,0,0,13,"S"
676,"N","3","M",18,0,0,7.775,"S"
677,"N","3","M",24.5,0,0,8.05,"S"
678,"Y","3","F",18,0,0,9.8417,"S"
679,"N","3","F",43,1,6,46.9,"S"
680,"Y","1","M",36,0,1,512.3292,"C"
682,"Y","1","M",27,0,0,76.7292,"C"
683,"N","3","M",20,0,0,9.225,"S"
684,"N","3","M",14,5,2,46.9,"S"
685,"N","2","M",60,1,1,39,"S"
686,"N","2","M",25,1,2,41.5792,"C"
687,"N","3","M",14,4,1,39.6875,"S"
688,"N","3","M",19,0,0,10.1708,"S"
689,"N","3","M",18,0,0,7.7958,"S"
690,"Y","1","F",15,0,1,211.3375,"S"
691,"Y","1","M",31,1,0,57,"S"
692,"Y","3","F",4,0,1,13.4167,"C"
694,"N","3","M",25,0,0,7.225,"C"
695,"N","1","M",60,0,0,26.55,"S"
696,"N","2","M",52,0,0,13.5,"S"
697,"N","3","M",44,0,0,8.05,"S"
699,"N","1","M",49,1,1,110.8833,"C"
700,"N","3","M",42,0,0,7.65,"S"
701,"Y","1","F",18,1,0,227.525,"C"
702,"Y","1","M",35,0,0,26.2875,"S"
703,"N","3","F",18,0,1,14.4542,"C"
704,"N","3","M",25,0,0,7.7417,"Q"
705,"N","3","M",26,1,0,7.8542,"S"
706,"N","2","M",39,0,0,26,"S"
707,"Y","2","F",45,0,0,13.5,"S"
708,"Y","1","M",42,0,0,26.2875,"S"
709,"Y","1","F",22,0,0,151.55,"S"
711,"Y","1","F",24,0,0,49.5042,"C"
713,"Y","1","M",48,1,0,52,"S"
714,"N","3","M",29,0,0,9.4833,"S"
715,"N","2","M",52,0,0,13,"S"
716,"N","3","M",19,0,0,7.65,"S"
717,"Y","1","F",38,0,0,227.525,"C"
718,"Y","2","F",27,0,0,10.5,"S"
720,"N","3","M",33,0,0,7.775,"S"
721,"Y","2","F",6,0,1,33,"S"
722,"N","3","M",17,1,0,7.0542,"S"
723,"N","2","M",34,0,0,13,"S"
724,"N","2","M",50,0,0,13,"S"
725,"Y","1","M",27,1,0,53.1,"S"
726,"N","3","M",20,0,0,8.6625,"S"
727,"Y","2","F",30,3,0,21,"S"
729,"N","2","M",25,1,0,26,"S"
730,"N","3","F",25,1,0,7.925,"S"
731,"Y","1","F",29,0,0,211.3375,"S"
732,"N","3","M",11,0,0,18.7875,"C"
734,"N","2","M",23,0,0,13,"S"
735,"N","2","M",23,0,0,13,"S"
736,"N","3","M",28.5,0,0,16.1,"S"
737,"N","3","F",48,1,3,34.375,"S"
738,"Y","1","M",35,0,0,512.3292,"C"
742,"N","1","M",36,1,0,78.85,"S"
743,"Y","1","F",21,2,2,262.375,"C"
744,"N","3","M",24,1,0,16.1,"S"
745,"Y","3","M",31,0,0,7.925,"S"
746,"N","1","M",70,1,1,71,"S"
747,"N","3","M",16,1,1,20.25,"S"
748,"Y","2","F",30,0,0,13,"S"
749,"N","1","M",19,1,0,53.1,"S"
750,"N","3","M",31,0,0,7.75,"Q"
751,"Y","2","F",4,1,1,23,"S"
752,"Y","3","M",6,0,1,12.475,"S"
753,"N","3","M",33,0,0,9.5,"S"
754,"N","3","M",23,0,0,7.8958,"S"
755,"Y","2","F",48,1,2,65,"S"
756,"Y","2","M",0.67,1,1,14.5,"S"
757,"N","3","M",28,0,0,7.7958,"S"
758,"N","2","M",18,0,0,11.5,"S"
759,"N","3","M",34,0,0,8.05,"S"
760,"Y","1","F",33,0,0,86.5,"S"
762,"N","3","M",41,0,0,7.125,"S"
763,"Y","3","M",20,0,0,7.2292,"C"
764,"Y","1","F",36,1,2,120,"S"
765,"N","3","M",16,0,0,7.775,"S"
766,"Y","1","F",51,1,0,77.9583,"S"
768,"N","3","F",30.5,0,0,7.75,"Q"
770,"N","3","M",32,0,0,8.3625,"S"
771,"N","3","M",24,0,0,9.5,"S"
772,"N","3","M",48,0,0,7.8542,"S"
773,"N","2","F",57,0,0,10.5,"S"
775,"Y","2","F",54,1,3,23,"S"
776,"N","3","M",18,0,0,7.75,"S"
778,"Y","3","F",5,0,0,12.475,"S"
780,"Y","1","F",43,0,1,211.3375,"S"
781,"Y","3","F",13,0,0,7.2292,"C"
782,"Y","1","F",17,1,0,57,"S"
783,"N","1","M",29,0,0,30,"S"
785,"N","3","M",25,0,0,7.05,"S"
786,"N","3","M",25,0,0,7.25,"S"
787,"Y","3","F",18,0,0,7.4958,"S"
788,"N","3","M",8,4,1,29.125,"Q"
789,"Y","3","M",1,1,2,20.575,"S"
790,"N","1","M",46,0,0,79.2,"C"
792,"N","2","M",16,0,0,26,"S"
795,"N","3","M",25,0,0,7.8958,"S"
796,"N","2","M",39,0,0,13,"S"
797,"Y","1","F",49,0,0,25.9292,"S"
798,"Y","3","F",31,0,0,8.6833,"S"
799,"N","3","M",30,0,0,7.2292,"C"
800,"N","3","F",30,1,1,24.15,"S"
801,"N","2","M",34,0,0,13,"S"
802,"Y","2","F",31,1,1,26.25,"S"
803,"Y","1","M",11,1,2,120,"S"
804,"Y","3","M",0.42,0,1,8.5167,"C"
805,"Y","3","M",27,0,0,6.975,"S"
806,"N","3","M",31,0,0,7.775,"S"
807,"N","1","M",39,0,0,0,"S"
808,"N","3","F",18,0,0,7.775,"S"
809,"N","2","M",39,0,0,13,"S"
810,"Y","1","F",33,1,0,53.1,"S"
811,"N","3","M",26,0,0,7.8875,"S"
812,"N","3","M",39,0,0,24.15,"S"
813,"N","2","M",35,0,0,10.5,"S"
814,"N","3","F",6,4,2,31.275,"S"
815,"N","3","M",30.5,0,0,8.05,"S"
817,"N","3","F",23,0,0,7.925,"S"
818,"N","2","M",31,1,1,37.0042,"C"
819,"N","3","M",43,0,0,6.45,"S"
820,"N","3","M",10,3,2,27.9,"S"
821,"Y","1","F",52,1,1,93.5,"S"
822,"Y","3","M",27,0,0,8.6625,"S"
823,"N","1","M",38,0,0,0,"S"
824,"Y","3","F",27,0,1,12.475,"S"
825,"N","3","M",2,4,1,39.6875,"S"
828,"Y","2","M",1,0,2,37.0042,"C"
830,"Y","1","F",62,0,0,80,""
831,"Y","3","F",15,1,0,14.4542,"C"
832,"Y","2","M",0.83,1,1,18.75,"S"
834,"N","3","M",23,0,0,7.8542,"S"
835,"N","3","M",18,0,0,8.3,"S"
836,"Y","1","F",39,1,1,83.1583,"C"
837,"N","3","M",21,0,0,8.6625,"S"
839,"Y","3","M",32,0,0,56.4958,"S"
841,"N","3","M",20,0,0,7.925,"S"
842,"N","2","M",16,0,0,10.5,"S"
843,"Y","1","F",30,0,0,31,"C"
844,"N","3","M",34.5,0,0,6.4375,"C"
845,"N","3","M",17,0,0,8.6625,"S"
846,"N","3","M",42,0,0,7.55,"S"
848,"N","3","M",35,0,0,7.8958,"C"
849,"N","2","M",28,0,1,33,"S"
851,"N","3","M",4,4,2,31.275,"S"
852,"N","3","M",74,0,0,7.775,"S"
853,"N","3","F",9,1,1,15.2458,"C"
854,"Y","1","F",16,0,1,39.4,"S"
855,"N","2","F",44,1,0,26,"S"
856,"Y","3","F",18,0,1,9.35,"S"
857,"Y","1","F",45,1,1,164.8667,"S"
858,"Y","1","M",51,0,0,26.55,"S"
859,"Y","3","F",24,0,3,19.2583,"C"
861,"N","3","M",41,2,0,14.1083,"S"
862,"N","2","M",21,1,0,11.5,"S"
863,"Y","1","F",48,0,0,25.9292,"S"
865,"N","2","M",24,0,0,13,"S"
866,"Y","2","F",42,0,0,13,"S"
867,"Y","2","F",27,1,0,13.8583,"C"
868,"N","1","M",31,0,0,50.4958,"S"
870,"Y","3","M",4,1,1,11.1333,"S"
871,"N","3","M",26,0,0,7.8958,"S"
872,"Y","1","F",47,1,1,52.5542,"S"
873,"N","1","M",33,0,0,5,"S"
874,"N","3","M",47,0,0,9,"S"
875,"Y","2","F",28,1,0,24,"C"
876,"Y","3","F",15,0,0,7.225,"C"
877,"N","3","M",20,0,0,9.8458,"S"
878,"N","3","M",19,0,0,7.8958,"S"
880,"Y","1","F",56,0,1,83.1583,"C"
881,"Y","2","F",25,0,1,26,"S"
882,"N","3","M",33,0,0,7.8958,"S"
883,"N","3","F",22,0,0,10.5167,"S"
884,"N","2","M",28,0,0,10.5,"S"
885,"N","3","M",25,0,0,7.05,"S"
886,"N","3","F",39,0,5,29.125,"Q"
887,"N","2","M",27,0,0,13,"S"
888,"Y","1","F",19,0,0,30,"S"
890,"Y","1","M",26,0,0,30,"C"
891,"N","3","M",32,0,0,7.75,"Q"
